USE student_dorms_db;

INSERT INTO users (email, password, first_name, last_name, role) VALUES
('student1@tu-sofia.bg', '456321', 'Георги', 'Захариев', 'STUDENT'),
('student2@tu-sofia.bg', '456123', 'Станислава', 'Иванова', 'STUDENT'),
('student3@tu-sofia.bg', '654321', 'Живко', 'Димитров', 'STUDENT'),
('student4@tu-sofia.bg', '123456', 'Мария', 'Георгиева', 'STUDENT'),
('admin1@tu-sofia.bg', '456321', 'Катрин', 'Добрева', 'ADMIN'),
('admin2@tu-sofia.bg', '456789', 'Йоан', 'Милев', 'ADMIN'),
('student5@tu-sofia.bg', '123456', 'Ивана', 'Димитрова', 'STUDENT'),
('student6@tu-sofia.bg', '654321', 'Мартин', 'Стефанов', 'STUDENT');

INSERT INTO faculties (name) VALUES
('Факултет по Компютърни системи и технологии'),
('Факултет Автоматика'),
('Факултет по Електронна техника и технологии'),
('Машиностроителен Факултет'),
('Факултет по Транспорта'),
('Факултет по Телекомуникации'),
('Факултет по Приложна математика и информатика'), 
('Факултет по Индустриални технологии'), 
('Стопански Факултет'), 
('Енергомашиностроителен Факултет');

INSERT INTO specialties (name, faculty_id) VALUES
('Информационни технологии в индустрията', 1),
('Компютърно и софтуерно инженерство', 1),
('Киберсигурност', 1),
('Автоматика, информационна и управляваща техника', 2),
('Интелигентни системи в индустрията, града и дома', 2),
('Автомобилна електроника', 3),
('Електронни информационни системи', 3),
('Машиностроене', 4),
('Инженерна логистика', 4),
('Инженерен дизайн', 4),
('Мехатроника', 4),
('Авиационна техника и технологии', 5),
('Технология и управление на транспорта', 5),
('Транспортна техника и технологии', 5),
('Телекомуникации', 6),
('Информатика и софтуерни науки', 7),
('Приложна математика и информатика', 7),
('Анализ на данни', 7),
('Дигитални индустриални технологии', 8),
('Интелигентни системи и изкуствен интелект', 8),
('Бизнес управление', 9),
('Стопанско управление', 9),
('Индустриален мениджмънт', 9),
('Топлоенергетика и Ядрена енергетика', 10),
('Възобновяеми енергийни технологии и флуидна техника', 10),
('Топлинни и хладилни технологии и системи', 10);

INSERT INTO apartment_buildings (apartment_building_id, number, entrance) VALUES
(1, 0, NULL),
(2, 1, NULL),
(3, 2, NULL),
(4, 3, 'А'),
(5, 3, 'Б'),
(6, 4, NULL),
(7, 5, NULL);

INSERT INTO rooms (room_id, number, capacity, apartment_building_id) VALUES
(0, 0, 0, 1),
(1, 101, 2, 2),
(2, 102, 1, 2),
(3, 103, 2, 2),
(4, 104, 2, 2),
(5, 105, 2, 2),
(6, 106, 2, 2),
(7, 107, 4, 2),
(8, 108, 2, 2),
(9, 109, 2, 2),
(10, 110, 2, 2),
(11, 111, 2, 2),
(12, 112, 2, 2),
(13, 201, 2, 2),
(14, 202, 2, 2),
(15, 203, 2, 2),
(16, 204, 2, 2),
(17, 205, 2, 2),
(18, 206, 2, 2),
(19, 207, 4, 2),
(20, 208, 2, 2),
(21, 209, 2, 2),
(22, 210, 2, 2),
(23, 211, 2, 2),
(24, 212, 2, 2),

(25, 101, 2, 3),
(26, 102, 2, 3),
(27, 103, 2, 3),
(28, 104, 2, 3),
(29, 105, 2, 3),
(30, 106, 2, 3),
(31, 107, 4, 3),
(32, 108, 2, 3),
(33, 109, 2, 3),
(34, 110, 2, 3),
(35, 111, 2, 3),
(36, 112, 2, 3),
(37, 201, 2, 3),
(38, 202, 2, 3),
(39, 203, 2, 3),
(40, 204, 2, 3),
(41, 205, 2, 3),
(42, 206, 2, 3),
(43, 207, 4, 3),
(44, 208, 2, 3),
(45, 209, 2, 3),
(46, 210, 2, 3),
(47, 211, 2, 3),
(48, 212, 2, 3),

(49, 101, 2, 4),
(50, 102, 2, 4),
(51, 103, 2, 4),
(52, 104, 2, 4),
(53, 105, 2, 4),
(54, 106, 2, 4),
(55, 107, 4, 4),
(56, 108, 2, 4),
(57, 109, 2, 4),
(58, 110, 2, 4),
(59, 111, 2, 4),
(60, 112, 2, 4),
(61, 201, 2, 4),
(62, 202, 2, 4),
(63, 203, 2, 4),
(64, 204, 2, 4),
(65, 205, 2, 4),
(66, 206, 2, 4),
(67, 207, 4, 4),
(68, 208, 2, 4),
(69, 209, 2, 4),
(70, 210, 2, 4),
(71, 211, 2, 4),
(72, 212, 2, 4),

(73, 101, 2, 5),
(74, 102, 2, 5),
(75, 103, 2, 5),
(76, 104, 2, 5),
(77, 105, 2, 5),
(78, 106, 2, 5),
(79, 107, 4, 5),
(80, 108, 2, 5),
(81, 109, 2, 5),
(82, 110, 2, 5),
(83, 111, 2, 5),
(84, 112, 2, 5),
(85, 201, 2, 5),
(86, 202, 2, 5),
(87, 203, 2, 5),
(88, 204, 2, 5),
(89, 205, 2, 5),
(90, 206, 2, 5),
(91, 207, 4, 5),
(92, 208, 2, 5),
(93, 209, 2, 5),
(94, 210, 2, 5),
(95, 211, 2, 5),
(96, 212, 2, 5),

(97, 101, 2, 6),
(98, 102, 2, 6),
(99, 103, 2, 6),
(100, 104, 2, 6),
(101, 105, 2, 6),
(102, 106, 2, 6),
(103, 107, 4, 6),
(104, 108, 2, 6),
(105, 109, 2, 6),
(106, 110, 2, 6),
(107, 111, 2, 6),
(108, 112, 2, 6),
(109, 201, 2, 6),
(110, 202, 2, 6),
(111, 203, 2, 6),
(112, 204, 2, 6),
(113, 205, 2, 6),
(114, 206, 2, 6),
(115, 207, 4, 6),
(116, 208, 2, 6),
(117, 209, 2, 6),
(118, 210, 2, 6),
(119, 211, 2, 6),
(120, 212, 2, 6),

(121, 101, 2, 7),
(122, 102, 2, 7),
(123, 103, 2, 7),
(124, 104, 2, 7),
(125, 105, 2, 7),
(126, 106, 2, 7),
(127, 107, 4, 7),
(128, 108, 2, 7),
(129, 109, 2, 7),
(130, 110, 2, 7),
(131, 111, 2, 7),
(132, 112, 2, 7),
(133, 201, 2, 7),
(134, 202, 2, 7),
(135, 203, 2, 7),
(136, 204, 2, 7),
(137, 205, 2, 7),
(138, 206, 2, 7),
(139, 207, 4, 7),
(140, 208, 2, 7),
(141, 209, 2, 7),
(142, 210, 2, 7),
(143, 211, 2, 7),
(144, 212, 2, 7);

INSERT INTO students (user_id, faculty_number, phone_number, semester, specialty_id, room_id, city, gpa) VALUES
(1, '506340112', '0888120047', 3, 1, 3, 'Елин Пелин', 5.50),
(2, '506340006', '0883640793', 4, 2, NULL, 'Пловдив', 3.20),
(3, '114082009', '0892708050', 5, 4, NULL, 'Лом', 4.61),
(4, '114082104', '0887601239', 6, 4, NULL, 'Пазарджик', 5.87),
(7, '240083077', '0884130624', 2, 5, NULL, 'София', 5.12),
(8, '240083012', '0887412057', 2, 5, NULL, 'Велико Търново', 4.70);

INSERT INTO bills (bill_id, type, amount, issued_on, student_id, is_paid) VALUES
(1, 'НАЕМ', 40.00, '2024-01-01 09:00:02', 1, 1),
(2, 'ВОДА', 3.70, '2024-01-01 09:02:02', 1, 1),
(3, 'ТОК', 10.15, '2024-01-01 09:00:02', 1, 1),
(4, 'ПАРНО', 22.00, '2024-01-01 09:00:02', 1, 1),
(5, 'НОЩУВКА', 12.00, '2024-01-01 09:00:02', 1, 0),

(6, 'НАЕМ', 40.00, '2024-02-01 10:00:10', 1, 1),
(7, 'ВОДА', 4.05, '2024-02-01 10:01:01', 1, 1),
(8, 'ТОК', 9.60, '2024-02-01 10:05:39', 1, 1),
(9, 'ПАРНО', 22.50, '2024-02-01 10:00:42', 1, 1),

(10, 'НАЕМ', 40.00, '2024-03-01 09:01:00', 1, 1),
(11, 'ВОДА', 6.80, '2024-03-01 09:02:05', 1, 0),
(12, 'ТОК', 12.12, '2024-03-01 09:02:27', 1, 0),
(13, 'ПАРНО', 22.50, '2024-03-01 09:01:33', 1, 0),

(14, 'НАЕМ', 35.00, '2024-01-01 09:00:01', 4, 1),
(15, 'ВОДА', 5.25, '2024-01-01 09:02:02', 4, 1),
(16, 'ТОК', 10.00, '2024-01-01 09:00:02', 4, 1),
(17, 'ПАРНО', 18.00, '2024-01-01 09:00:02', 4, 1),
(18, 'НОЩУВКА', 12.00, '2024-01-01 09:00:02', 4, 1),
(19, 'НОЩУВКА', 12.00, '2024-01-01 09:00:21', 4, 0),
(20, 'НОЩУВКА', 12.00, '2024-01-01 09:02:04', 4, 0),

(21, 'НАЕМ', 35.00, '2024-02-01 10:00:10', 4, 1),
(22, 'ВОДА', 6.10, '2024-02-01 10:02:02', 4, 1),

(23, 'НАЕМ', 35.00, '2024-03-01 09:12:01', 4, 1),
(24, 'НОЩУВКА', 12.00, '2024-03-01 09:24:02', 4, 0);

INSERT INTO records(record_id, period, created_on, is_active) VALUES
(1, "Кандидатстване-2021-2022", '2021-08-01 10:02:46', 0),
(2, "Кандидатстване-2022-2023", '2022-08-03 10:00:02', 0),
(3, "Кандидатстване-2023-2024", '2024-08-01 11:01:24', 0),
(4, "Кандидатстване-2024-2025", '2024-08-20 14:17:48', 1);

INSERT INTO complaints (complaint_id, title, content, made_on, student_id, status) VALUES
(1, 'Наводняване от горния етаж', 'От две седмици има мухъл по тавана на банята, който е следствие от наводняване от горният етаж. Мазилката се рони. Моля да се разгледа случаят и да се разреши възможно най-скоро.', '2024-02-11 22:14:17', 1, 'ЗА_ПРЕГЛЕД'),
(2, 'Пукнат прозорец', 'Моля да се замени стъклото на прозореца в стаята ми, което се пукна от нищото. Предполагам е поради разликите в температурата. Благодаря предварително.', '2024-01-21 14:42:20', 4, 'ПРИЕТО');

INSERT INTO desired_rooms(room1_id, room2_id, room3_id) VALUES
(50, 55, 51),
(5, 2, 6), 
(5, 2, 6), 
(20, 42, 40);

INSERT INTO applications (application_id, type, applied_on, status, student_id, friend_id, desired_rooms_id, record_id) VALUES
(1, 'НАСТАНЯВАНЕ', '2024-09-01 14:02:12','ЗА_ПРЕГЛЕД', 4, NULL, 1, 4),
(2, 'НАСТАНЯВАНЕ', '2024-09-02 12:16:17', 'ЗА_ПРЕГЛЕД', 3, 6, 2, 4),
(3, 'НАСТАНЯВАНЕ', '2024-09-02 10:04:10', 'ЗА_ПРЕГЛЕД', 6, 3, 3, 4);